{"cameraMode":{"drawMode":0,"name":"Shaded","section":"Shading Mode"},"sceneLighting":true,"audioPlay":false,"sceneViewState":{"showFog":true,"showMaterialUpdate":false,"showSkybox":true,"showFlares":true,"showImageEffects":true,"showParticleSystems":true,"showVisualEffectGraphs":true,"m_FxEnabled":true},"in2DMode":false,"pivot":{"x":8.796894073486329,"y":-0.458526611328125,"z":0.8523902893066406},"rotation":{"x":0.40031638741493227,"y":-0.012370550073683262,"z":0.005404872354120016,"w":0.9162829518318176},"size":24.83665657043457,"orthographic":false}